INSERT INTO client(name,phone,email,roleName,userName,password)
VALUES
    ('小明','18248591231','18248591231@qq.com','管理员','admin001','123456nchu'),
    ('张三','18252729787','18252729787@163.com','管理员','admin002','123456nchu'),
    ('杰克','18224561735','18224561735@163.com','核对员','Checker001','123456nchu'),
    ('波才','15975097553','15975097553@163.com','发货员','Shipper001','123456nchu'),
    ('海克','19197897529','19197897529@qq.com','采购员','Buyer001','123456nchu');

insert into role(name)
values
    ('管理员'),
    ('核对员'),
    ('发货员'),
    ('采购员');

insert into goods (num,name,type,speModel,unit,sum,inPrice,outPrice,cordon)
values
       ('GCM01WF001','觅狐男士新款长袖T恤潮流男装上衣服打底衫ins潮牌T恤卫衣男百搭','男装上衣','连帽、拉链、中长款','/件','500','60','78','100'),
       ('GCM01WF002','冬季新款高端白鸭绒中青年羽绒服装男士外套时尚休闲潮流保暖外穿','男装棉袄','常规、拉链、中款','/件','500','1000','1120','100'),
       ('GCM01WF003','西服休闲套装男修身潮流商务正装男士新郎伴郎结婚礼服西装三件套','男装套装','规则领型、一粒单排扣、长款','/件','500','500','768','100'),
       ('GCM01WF004','恒源祥冬季棉衣中长款加厚棉袄中年男装保暖棉服红色爸爸冬装外套','男装外套','无帽立领、 散口袖、中长款','/件','500','100','288','100'),
       ('GCM01WF005','羽绒服男2020新款冬季白鸭绒帅气爆款工装连帽短款男士外套潮流','男装外套','立领、拉链、短款','/件','500','880','1088','100'),
       ('GCM01WF006','2020新款冬季羽绒服男士中长款加厚保暖潮流帅气韩版修身冬装外套','男装外套','常规、拉链、常规','/件','500','600','939','100'),
       ('GCM01WF007','进口貂皮大衣男款整貂外套皮草男装拉链连帽冬季男士水貂休闲皮衣','男装皮衣','常规、散口袖、中长款','/件','500','2000','2880','100'),
       ('GCM01WF008','棉衣加厚2020新款潮流羽绒棉服棉袄子冬装爆款潮牌秋冬季男士外套','男装外套','连帽、拉链、中长款','/件','500','120','188','100'),
       ('GCM01WF009','男士可拆内胆羽绒服中老年人爸爸冬装外套加厚中长连帽派克服爷爷','男装羽绒服','常规、拉链、中长款','/件','500','450','600','100'),
       ('GCM01WF010','花花公子裤子男冬季宽松直筒中年男士休闲长裤加绒商务爸爸装西裤','男装裤子','连帽、拉链、中长款','/条','500','100','139','100');



insert into order_list(num,name,orderNum,price,count,pay,date,taransport,orderState,sumPrice)
values
    ('GCM01WF001','觅狐男士新款长袖T恤潮流男装上衣服打底衫ins潮牌T恤卫衣男百搭','L2021010615423500021','78','100','1', '2021-01-06 15:42:35','1','JD2021010615423500188','7800'),
    ('GCM01WF002','冬季新款高端白鸭绒中青年羽绒服装男士外套时尚休闲潮流保暖外穿','L2021010616213600151','1120','50','1','2021-01-06 16:21:36','1','SF2021010616213601322','56000'),
    ('GCM01WF003','西服休闲套装男修身潮流商务正装男士新郎伴郎结婚礼服西装三件套','L2021010616223000221','768','20','1', '2021-01-06 16:22:30','0','SF2021010616223000091','15360'),
    ('GCM01WF004','恒源祥冬季棉衣中长款加厚棉袄中年男装保暖棉服红色爸爸冬装外套','L2021010616242000164','288','10','1', '2021-01-06 16:24:20','0','JD2021010616242003572','2880'),
    ('GCM01WF005','羽绒服男2020新款冬季白鸭绒帅气爆款工装连帽短款男士外套潮流', 'L2021010616422500022','1088','100','1','2021-01-06 16:42:25','1','TT2021010616422500528','108800'),
    ('GCM01WF006','2020新款冬季羽绒服男士中长款加厚保暖潮流帅气韩版修身冬装外套','L2021010616373500056','939','240','1','2021-01-06 16:37:35','0','ST2021010616373509752','225360'),
    ('GCM01WF007','进口貂皮大衣男款整貂外套皮草男装拉链连帽冬季男士水貂休闲皮衣','L2021010617213600156','2880','80','1','2021-01-06 17:21:36','1','ST2021010617213600008','57600'),
    ('GCM01WF008','棉衣加厚2020新款潮流羽绒棉服棉袄子冬装爆款潮牌秋冬季男士外套','L2021010617261600678','188','350','1','2021-01-06 17:26:16','0','SF2021010617261600167','65800'),
    ('GCM01WF009','男士可拆内胆羽绒服中老年人爸爸冬装外套加厚中长连帽派克服爷爷','L2021010617575700245','600','210','1','2021-01-06 17:57:57','1','YD2021010617575700724','126000'),
    ('GCM01WF010','花花公子裤子男冬季宽松直筒中年男士休闲长裤加绒商务爸爸装西裤','L2021010617584400782','139','70','1','2021-01-06 17:58:44','0','JD2021010617584400824','9730');

insert into client(name,phone,address,company)
values
    ('张三','15982940581','南昌市新建中心英雄路','江西碧盈花卉园艺设计有限公司'),
    ('李四','15251352623','南昌市红谷滩均阳路','南昌市隆恒针织服装有限公司'),
    ('三五','18245155125','南昌市高新区上海路','南昌市宝马服饰有限公司'),
    ('赵六','17123535252','南昌市青山湖区工业路','南昌市宝马服饰有限公司'),
    ('李明','16226341551','南昌市南昌县梅岭路','江西柏辉纺织服装有限公司'),
    ('刘宏','18237342321','南昌市湾里区祥云路','南昌晟泰服饰有限公司'),
    ('郭强','18235235353','南昌市西湖区望北路','南昌培维梦针织服饰有限公司');




insert into supplier(name,phone,address,company)
values
    ('秦林','18724594821','南昌市新建区工业三路','南昌市纽威实业有限公司'),
    ('谢雨','13870936489','南昌市红谷滩区丰和北大道','品牌服装工厂店'),
    ('夏雾','15083537635','南昌望丰服装厂','南昌市新建区裕丰街与茅山路交叉路口往东北'),
    ('王湾','13970057748','江西省南昌市新建区兴华路','兰兰服装厂'),
    ('潘金','18251241599','江西省南昌市新建区','老五服装加工厂'),
    ('曹兴','14362523621','南昌市进贤县中山大道','云海服装厂'),
    ('曹兴','19275102572','南昌市南昌县芳草路','特色服装工厂'),


insert into client_ordet(cid,oid,type)
values
    (),

insert into warehouse(name,address,capacity,used)
values
    (),

insert into warehouse_goods(wid,gid,count)
values
    (),